{"epoch": 0, "main/train_loss": 37.90498733520508, "_timestamp": 1728425610.279146, "_runtime": 351.8596968650818, "_step": 30069, "detailed_losses_train/loss_ce": 1.0586299896240234, "detailed_losses_train/loss_mask": 0.6880557537078857, "detailed_losses_train/loss_dice": 2.0178964138031006, "detailed_losses_train/0_loss_ce": 1.2436013221740723, "detailed_losses_train/0_loss_mask": 0.6763771772384644, "detailed_losses_train/0_loss_dice": 2.3912200927734375, "detailed_losses_train/1_loss_ce": 0.8469642400741577, "detailed_losses_train/1_loss_mask": 0.6602013111114502, "detailed_losses_train/1_loss_dice": 2.177565574645996, "detailed_losses_train/2_loss_ce": 0.8756011128425598, "detailed_losses_train/2_loss_mask": 0.7674172520637512, "detailed_losses_train/2_loss_dice": 2.024693727493286, "detailed_losses_train/3_loss_ce": 0.848101019859314, "detailed_losses_train/3_loss_mask": 0.9156152009963989, "detailed_losses_train/3_loss_dice": 2.225553035736084, "detailed_losses_train/4_loss_ce": 0.8606418371200562, "detailed_losses_train/4_loss_mask": 0.7563937902450562, "detailed_losses_train/4_loss_dice": 2.0476887226104736, "detailed_losses_train/5_loss_ce": 1.0694925785064697, "detailed_losses_train/5_loss_mask": 0.7245973348617554, "detailed_losses_train/5_loss_dice": 1.94110107421875, "detailed_losses_train/6_loss_ce": 1.0651466846466064, "detailed_losses_train/6_loss_mask": 0.5627304315567017, "detailed_losses_train/6_loss_dice": 1.9515039920806885, "detailed_losses_train/7_loss_ce": 1.0881212949752808, "detailed_losses_train/7_loss_mask": 0.6749818325042725, "detailed_losses_train/7_loss_dice": 1.9639079570770264, "detailed_losses_train/8_loss_ce": 1.0671745538711548, "detailed_losses_train/8_loss_mask": 0.7495276927947998, "detailed_losses_train/8_loss_dice": 1.9644865989685059, "_wandb": {"runtime": 351}}